freq,purchase,unit,geo\TIME_PERIOD	2005 	2006 	2007 	2008 	2009 	2010 	2011 	2012 	2013 	2014 	2015 	2016 	2017 	2018 	2019 	2020 	2021 	2022 	2023 
A,DW_EXST,I10_A_AVG,AT	: 	: 	: 	: 	: 	100.00 	105.43 	111.66 	117.22 	121.58 	128.63 	136.27 	144.48 	153.57 	162.82 	175.30 	198.25 	221.28 	212.27 
A,DW_EXST,I10_A_AVG,BE	76.19 	85.04 	92.62 	97.24 	97.10 	100.00 	103.51 	106.06 	107.10 	107.12 	108.42 	110.71 	114.46 	117.96 	122.63 	127.83 	136.53 	144.12 	147.53 
A,DW_EXST,I10_A_AVG,BG	76.56 	87.81 	113.21 	141.46 	111.25 	100.00 	93.94 	91.44 	89.80 	90.23 	92.29 b	99.07 	108.70 	116.35 	121.93 	129.22 	141.15 	163.17 b	180.44 
A,DW_EXST,I10_A_AVG,CY	: 	: 	: 	: 	: 	100.00 	101.61 	97.05 	92.80 	93.43 	91.93 b	91.34 	92.65 	92.93 	93.87 	93.99 	94.52 	96.28 	98.68 
A,DW_EXST,I10_A_AVG,CZ	: 	: 	: 	106.80 	101.60 	100.00 	100.30 	99.00 	98.90 	101.40 	105.40 	113.10 	126.00 	136.30 	148.90 	161.20 	193.50 	225.50 	221.70 
A,DW_EXST,I10_A_AVG,DE	101.10 	100.80 	98.00 	99.10 	99.20 	100.00 	103.30 	106.90 	110.60 	113.90 	119.20 	128.30 	136.50 	145.60 	154.70 	167.10 	187.60 	197.20 	178.40 
A,DW_EXST,I10_A_AVG,DK	91.79 	113.85 	116.50 	110.62 	97.15 	100.00 	98.08 	95.28 	98.64 	102.31 	109.38 	114.42 	120.12 	125.54 	128.33 	133.94 	149.68 	156.81 	150.07 
A,DW_EXST,I10_A_AVG,EA	: 	: 	: 	: 	: 	100.00 	101.36 	99.66 	97.54 	97.78 	99.22 	103.27 	108.00 	113.26 	118.22 	124.45 	134.75 	143.99 	140.88 
A,DW_EXST,I10_A_AVG,EA19	: 	: 	: 	: 	: 	100.00 	101.40 	99.70 	97.64 	97.93 	99.37 	103.43 	108.16 	113.43 	118.39 	124.64 	134.96 	144.20 	141.01 
A,DW_EXST,I10_A_AVG,EA20	: 	: 	: 	: 	: 	100.00 	101.39 	99.68 	97.61 	97.89 	99.32 	103.36 	108.09 	113.37 	118.37 	124.65 	134.95 	144.28 	141.26 
A,DW_EXST,I10_A_AVG,EE	98.69 	156.23 	177.06 	157.86 	96.78 	100.00 	108.46 	114.69 	127.71 	141.74 	148.70 	155.18 	164.39 	171.05 	182.55 	188.88 	221.25 	277.52 	282.03 
A,DW_EXST,I10_A_AVG,ES	: 	109.68 	118.61 	111.22 	101.21 	100.00 	90.55 	77.11 	68.71 	68.77 	71.09 	74.15 	78.78 	84.12 	88.15 	89.42 	92.64 	99.37 	102.61 
A,DW_EXST,I10_A_AVG,EU	: 	: 	: 	: 	: 	100.00 	100.28 	98.71 	97.70 	99.54 	102.40 	107.39 	112.71 	118.08 	123.17 	130.04 	141.52 	152.05 	149.65 
A,DW_EXST,I10_A_AVG,EU27_2020	: 	: 	: 	: 	: 	100.00 	100.67 	98.72 	97.06 	97.80 	100.02 	104.52 	109.78 	115.32 	120.96 	127.87 	139.15 	149.50 	147.14 
A,DW_EXST,I10_A_AVG,EU28	: 	: 	: 	: 	: 	100.00 	100.28 	98.70 	97.68 	99.52 	102.38 	107.37 	112.69 	118.05 	123.15 	: 	: 	: 	: 
A,DW_EXST,I10_A_AVG,FI	: c	: c	: c	: c	92.11 	100.00 	102.64 	103.86 	104.61 	103.62 	103.16 b	104.30 	104.97 	105.69 	105.83 	107.27 	111.92 	112.49 	104.80 
A,DW_EXST,I10_A_AVG,FR	85.04 	95.28 	101.56 	102.41 	95.12 	100.00 	105.95 	105.37 	103.15 	101.29 	99.42 	100.34 	103.37 	106.48 	109.95 	116.08 	123.73 	131.64 	130.76 
A,DW_EXST,I10_A_AVG,HR	: 	: 	: 	113.25 	105.52 	100.00 	99.02 	96.51 	92.41 	91.24 	89.95 	91.58 	95.75 	102.04 	111.29 	120.79 	129.47 	148.24 	166.61 
A,DW_EXST,I10_A_AVG,HU	: 	: 	105.50 	108.00 	101.95 	100.00 	96.58 	92.73 	90.14 	93.91 	106.38 	120.78 	135.13 	154.57 	181.48 	188.60 	218.88 	268.04 	283.91 p
A,DW_EXST,I10_A_AVG,IE	: 	: 	: 	: 	: 	100.00 	82.80 	71.58 	73.44 	86.22 	95.63 	102.76 	114.96 	126.61 	128.89 	128.52 	141.20 	160.25 	162.14 
A,DW_EXST,I10_A_AVG,IT	: 	: 	: 	: 	: 	100.00 	100.40 	95.80 	87.50 	82.70 	78.90 	79.00 	78.10 	77.30 	77.00 	78.40 	80.20 	82.90 	83.30 
A,DW_EXST,I10_A_AVG,LT	: 	108.08 	144.54 	152.12 	104.53 	100.00 	105.92 	104.01 	106.27 	113.53 	117.33 	124.92 	135.61 	145.23 	155.46 	167.46 	196.14 	232.01 	247.88 
A,DW_EXST,I10_A_AVG,LU	: 	: 	96.50 	97.95 	94.44 	100.00 	104.82 	108.95 	112.57 	118.34 	123.01 	130.65 	138.08 	148.82 	164.98 	189.21 	217.49 	236.72 	210.47 
A,DW_EXST,I10_A_AVG,LV	: 	130.42 	179.93 	180.97 	114.00 	100.00 	106.03 	106.80 	114.74 	120.81 	118.22 	128.27 	139.69 	153.96 	167.66 	171.89 	195.99 	223.78 	225.50 
A,DW_EXST,I10_A_AVG,MT	: 	: 	: 	111.43 	103.69 	100.00 	100.13 	103.66 	107.71 	110.92 	116.42 	124.32 	131.07 	136.89 	143.80 	153.19 	156.52 	165.74 	176.99 p
A,DW_EXST,I10_A_AVG,NL	94.39 	98.69 	102.84 	105.93 	102.33 	100.00 	97.58 	91.30 	85.27 	86.07 	88.68 	93.56 	101.15 	110.47 	118.25 	127.57 	146.77 	166.29 	161.55 
A,DW_EXST,I10_A_AVG,NO	: 	: 	: 	: 	: 	100.00 	108.02 	115.51 	120.28 	123.51 	132.22 	143.14 	151.20 	152.90 	157.05 	164.18 	180.75 	190.36 	190.44 
A,DW_EXST,I10_A_AVG,PL	: 	: 	: 	: 	: 	100.00 	99.59 	94.54 	91.02 	92.21 	92.82 	95.18 	99.43 	106.89 	118.03 	134.29 	146.74 	164.02 	175.97 
A,DW_EXST,I10_A_AVG,PT	: 	: 	: 	100.41 	99.20 	100.00 	93.38 	86.07 	84.16 	87.81 	91.28 	99.20 	109.52 	121.59 	134.04 	146.22 	160.32 	182.59 	198.49 
A,DW_EXST,I10_A_AVG,RO	: 	: 	: 	: 	108.33 	100.00 	86.22 	80.62 	80.78 	79.04 	81.73 	86.63 	92.95 	98.46 	102.18 	107.23 	112.60 	118.38 	119.06 
A,DW_EXST,I10_A_AVG,SE	68.42 	78.38 	89.14 	89.54 	91.74 	100.00 	101.87 	102.77 	109.37 	121.00 	139.06 	150.93 	161.00 	156.26 	159.34 	168.48 	189.16 	192.69 	179.74 
A,DW_EXST,I10_A_AVG,SI	: 	: 	101.22 	106.05 	97.96 	100.00 	100.67 	95.05 	90.03 	83.80 	84.27 	87.44 	94.29 	102.66 	110.86 	116.16 	129.56 	149.59 	160.48 
A,DW_EXST,I10_A_AVG,SK	: 	: 	: 	: 	: 	100.00 	99.03 	97.48 	98.73 	100.04 	106.45 	113.85 	120.05 	129.82 	144.07 	159.29 	171.18 	191.91 	192.68 
A,DW_EXST,I10_A_AVG,TR	: 	: 	: 	: 	: 	100.00 	108.60 	120.32 	134.08 	150.89 	175.00 	197.17 	218.90 	236.58 	246.36 	304.25 	412.75 	1046.23 	2066.46 
A,DW_EXST,I10_A_AVG,UK	91.04 	98.34 	108.30 	103.33 	94.26 	100.00 	98.26 	98.70 	101.20 	109.32 	115.88 	123.77 	129.36 	133.40 	134.75 	: 	: 	: 	: 
A,DW_EXST,I15_A_AVG,AT	: 	: 	: 	: 	: 	77.75 	81.97 	86.81 	91.14 	94.53 	100.00 	105.95 	112.33 	119.40 	126.58 	136.29 	154.13 	172.03 	165.02 
A,DW_EXST,I15_A_AVG,BE	70.28 	78.44 	85.43 	89.69 	89.57 	92.24 	95.47 	97.83 	98.78 	98.81 	100.00 	102.12 	105.58 	108.80 	113.11 	117.91 	125.93 	132.93 	136.08 
A,DW_EXST,I15_A_AVG,BG	82.95 	95.15 	122.66 	153.27 	120.53 	108.35 	101.78 	99.08 	97.30 	97.76 	100.00 b	107.34 	117.77 	126.07 	132.11 	140.01 	152.94 	176.79 b	195.51 
A,DW_EXST,I15_A_AVG,CY	: 	: 	: 	: 	: 	108.78 	110.53 	105.57 	100.95 	101.63 	100.00 b	99.35 	100.78 	101.08 	102.12 	102.23 	102.81 	104.73 	107.34 
A,DW_EXST,I15_A_AVG,CZ	: 	: 	: 	101.30 	96.40 	94.90 	95.20 	93.90 	93.90 	96.20 	100.00 	107.30 	119.60 	129.30 	141.30 	153.00 	183.60 	214.00 	210.40 
A,DW_EXST,I15_A_AVG,DE	84.90 	84.60 	82.20 	83.20 	83.20 	83.90 	86.70 	89.70 	92.80 	95.60 	100.00 	107.60 	114.50 	122.20 	129.80 	140.20 	157.50 	165.40 	149.70 
A,DW_EXST,I15_A_AVG,DK	83.93 	104.09 	106.52 	101.14 	88.82 	91.43 	89.68 	87.11 	90.19 	93.54 	100.00 	104.61 	109.83 	114.78 	117.33 	122.46 	136.85 	143.37 	137.21 
A,DW_EXST,I15_A_AVG,EA	: 	: 	: 	: 	: 	100.79 	102.16 	100.44 	98.31 	98.55 	100.00 	104.09 	108.85 	114.15 	119.15 	125.43 	135.81 	145.12 	141.99 
A,DW_EXST,I15_A_AVG,EA19	: 	: 	: 	: 	: 	100.64 	102.04 	100.33 	98.27 	98.55 	100.00 	104.09 	108.85 	114.15 	119.15 	125.43 	135.81 	145.12 	141.90 
A,DW_EXST,I15_A_AVG,EA20	: 	: 	: 	: 	: 	100.69 	102.08 	100.37 	98.28 	98.56 	100.00 	104.07 	108.83 	114.14 	119.18 	125.50 	135.88 	145.28 	142.23 
A,DW_EXST,I15_A_AVG,EE	66.37 	105.06 	119.07 	106.16 	65.09 	67.25 	72.94 	77.13 	85.89 	95.32 	100.00 	104.35 	110.55 	115.03 	122.76 	127.02 	148.79 	186.63 	189.66 
A,DW_EXST,I15_A_AVG,ES	: 	154.28 	166.86 	156.46 	142.38 	140.68 	127.39 	108.48 	96.65 	96.74 	100.00 	104.32 	110.82 	118.34 	124.00 	125.79 	130.32 	139.80 	144.35 
A,DW_EXST,I15_A_AVG,EU	: 	: 	: 	: 	: 	97.66 	97.93 	96.40 	95.41 	97.20 	100.00 	104.87 	110.07 	115.31 	120.29 	127.00 	138.20 	148.48 	146.14 
A,DW_EXST,I15_A_AVG,EU27_2020	: 	: 	: 	: 	: 	99.99 	100.66 	98.71 	97.05 	97.78 	100.00 	104.50 	109.77 	115.31 	120.94 	127.85 	139.13 	149.47 	147.12 
A,DW_EXST,I15_A_AVG,EU28	: 	: 	: 	: 	: 	97.67 	97.94 	96.41 	95.41 	97.20 	100.00 	104.87 	110.07 	115.31 	120.29 	: 	: 	: 	: 
A,DW_EXST,I15_A_AVG,FI	: c	: c	: c	: c	89.29 	96.94 	99.50 	100.68 	101.40 	100.45 	100.00 b	101.10 	101.76 	102.45 	102.59 	103.99 	108.50 	109.05 	101.59 
A,DW_EXST,I15_A_AVG,FR	85.54 	95.84 	102.15 	103.00 	95.68 	100.59 	106.57 	105.99 	103.76 	101.88 	100.00 	100.93 	103.98 	107.10 	110.60 	116.76 	124.46 	132.42 	131.52 
A,DW_EXST,I15_A_AVG,HR	: 	: 	: 	125.90 	117.31 	111.17 	110.08 	107.29 	102.74 	101.43 	100.00 	101.81 	106.45 	113.44 	123.73 	134.29 	143.93 	164.80 	185.23 
A,DW_EXST,I15_A_AVG,HU	: 	: 	99.17 	101.52 	95.84 	94.01 	90.79 	87.17 	84.74 	88.28 	100.00 	113.54 	127.02 	145.30 	170.60 	177.29 	205.76 	251.97 	266.89 p
A,DW_EXST,I15_A_AVG,IE	: 	: 	: 	: 	: 	104.57 	86.59 	74.85 	76.80 	90.16 	100.00 	107.45 	120.22 	132.40 	134.78 	134.40 	147.66 	167.58 	169.55 
A,DW_EXST,I15_A_AVG,IS	: 	: 	: 	: 	: 	: 	: 	: 	: 	: 	: 	109.77 d	131.20 d	142.01 d	148.29 d	157.79 d	177.57 d	214.84 d	231.57 d
A,DW_EXST,I15_A_AVG,IT	: 	: 	: 	: 	: 	126.80 	127.30 	121.40 	110.90 	104.70 	100.00 	100.10 	98.90 	98.00 	97.60 	99.40 	101.60 	105.10 	105.50 
A,DW_EXST,I15_A_AVG,LT	: 	92.12 	123.19 	129.65 	89.09 	85.23 	90.28 	88.64 	90.57 	96.76 	100.00 	106.47 	115.58 	123.78 	132.50 	142.72 	167.17 	197.74 	211.26 
A,DW_EXST,I15_A_AVG,LU	: 	: 	78.45 	79.62 	76.77 	81.30 	85.21 	88.57 	91.51 	96.20 	100.00 	106.21 	112.26 	120.98 	134.12 	153.82 	176.81 	192.44 	171.11 
A,DW_EXST,I15_A_AVG,LV	: 	110.32 	152.21 	153.09 	96.43 	84.59 	89.69 	90.34 	97.06 	102.20 	100.00 	108.51 	118.17 	130.24 	141.83 	145.40 	165.80 	189.30 	190.76 
A,DW_EXST,I15_A_AVG,MT	: 	: 	: 	95.71 	89.06 	85.89 	86.01 	89.04 	92.51 	95.27 	100.00 	106.78 	112.58 	117.58 	123.51 	131.58 	134.44 	142.36 	152.02 p
A,DW_EXST,I15_A_AVG,NL	106.44 	111.29 	115.97 	119.45 	115.39 	112.77 	110.03 	102.95 	96.16 	97.05 	100.00 	105.51 	114.06 	124.57 	133.34 	143.85 	165.50 	187.52 	182.18 
A,DW_EXST,I15_A_AVG,NO	: 	: 	: 	: 	: 	75.63 	81.70 	87.36 	90.97 	93.41 	100.00 	108.25 	114.35 	115.64 	118.77 	124.17 	136.71 	143.97 	144.03 
A,DW_EXST,I15_A_AVG,PL	: 	: 	: 	: 	: 	107.74 	107.30 	101.86 	98.07 	99.35 	100.00 	102.55 	107.13 	115.17 	127.16 	144.68 	158.10 	176.72 	189.59 
A,DW_EXST,I15_A_AVG,PT	: 	: 	: 	110.00 	108.68 	109.55 	102.30 	94.29 	92.20 	96.19 	100.00 	108.68 	119.98 	133.20 	146.85 	160.18 	175.63 	200.03 	217.44 
A,DW_EXST,I15_A_AVG,RO	: 	: 	: 	: 	132.56 	122.36 	105.49 	98.65 	98.85 	96.72 	100.00 	106.00 	113.73 	120.48 	125.03 	131.20 	137.78 	144.85 	145.68 
A,DW_EXST,I15_A_AVG,SE	49.20 	56.36 	64.10 	64.39 	65.98 	71.92 	73.26 	73.91 	78.65 	87.02 	100.00 	108.54 	115.78 	112.37 	114.59 	121.16 	136.03 	138.57 	129.26 
A,DW_EXST,I15_A_AVG,SI	: 	: 	120.13 	125.85 	116.25 	118.67 	119.46 	112.80 	106.84 	99.44 	100.00 	103.77 	111.89 	121.83 	131.56 	137.85 	153.75 	177.53 	190.45 
A,DW_EXST,I15_A_AVG,SK	: 	: 	: 	: 	: 	93.94 	93.03 	91.57 	92.75 	93.98 	100.00 	106.96 	112.77 	121.96 	135.34 	149.64 	160.81 	180.29 	181.01 
A,DW_EXST,I15_A_AVG,TR	: 	: 	: 	: 	: 	57.15 	62.06 	68.76 	76.62 	86.23 	100.00 	112.68 	125.09 	135.19 	140.78 	173.86 	235.87 	597.87 	1180.88 
A,DW_EXST,I15_A_AVG,UK	78.56 	84.86 	93.46 	89.17 	81.34 	86.30 	84.79 	85.17 	87.33 	94.34 	100.00 	106.81 	111.63 	115.12 	116.28 	: 	: 	: 	: 
A,DW_EXST,RCH_A_AVG,AT	: 	: 	: 	: 	: 	: 	5.4 	5.9 	5.0 	3.7 	5.8 	5.9 	6.0 	6.3 	6.0 	7.7 	13.1 	11.6 	-4.1 
A,DW_EXST,RCH_A_AVG,BE	: 	11.6 	8.9 	5.0 	-0.1 	3.0 	3.5 	2.5 	1.0 	0.0 	1.2 	2.1 	3.4 	3.1 	4.0 	4.2 	6.8 	5.6 	2.4 
A,DW_EXST,RCH_A_AVG,BG	: 	14.7 	28.9 	25.0 	-21.4 	-10.1 	-6.1 	-2.7 	-1.8 	0.5 	2.3 b	7.3 	9.7 	7.0 	4.8 	6.0 	9.2 	15.6 b	10.6 
A,DW_EXST,RCH_A_AVG,CY	: 	: c	: c	: c	: c	: c	1.6 	-4.5 	-4.4 	0.7 	-1.6 b	-0.6 	1.4 	0.3 	1.0 	0.1 	0.6 	1.9 	2.5 
A,DW_EXST,RCH_A_AVG,CZ	: 	: 	: 	: 	-4.8 	-1.6 	0.3 	-1.3 	-0.1 	2.5 	4.0 	7.3 	11.4 	8.1 	9.3 	8.3 	20.0 	16.5 	-1.7 
A,DW_EXST,RCH_A_AVG,DE	: 	-0.3 	-2.8 	1.1 	0.1 	0.8 	3.3 	3.5 	3.4 	3.0 	4.6 	7.6 	6.4 	6.7 	6.2 	8.0 	12.3 	5.1 	-9.5 
A,DW_EXST,RCH_A_AVG,DK	: 	24.0 	2.3 	-5.1 	-12.2 	2.9 	-1.9 	-2.9 	3.5 	3.7 	6.9 	4.6 	5.0 	4.5 	2.2 	4.4 	11.8 	4.8 	-4.3 
A,DW_EXST,RCH_A_AVG,EA	: 	: 	: 	: 	: 	: 	1.4 	-1.7 	-2.1 	0.2 	1.5 	4.1 	4.6 	4.9 	4.4 	5.3 	8.3 	6.9 	-2.2 
A,DW_EXST,RCH_A_AVG,EA19	: 	: 	: 	: 	: 	: 	1.4 	-1.7 	-2.1 	0.3 	1.5 	4.1 	4.6 	4.9 	4.4 	5.3 	8.3 	6.9 	-2.2 
A,DW_EXST,RCH_A_AVG,EA20	: 	: 	: 	: 	: 	: 	1.4 	-1.7 	-2.1 	0.3 	1.5 	4.1 	4.6 	4.9 	4.4 	5.3 	8.3 	6.9 	-2.1 
A,DW_EXST,RCH_A_AVG,EE	: 	58.3 	13.3 	-10.8 	-38.7 	3.3 	8.5 	5.7 	11.4 	11.0 	4.9 	4.3 	5.9 	4.0 	6.7 	3.5 	17.1 	25.4 	1.6 
A,DW_EXST,RCH_A_AVG,ES	: 	: 	8.2 	-6.2 	-9.0 	-1.2 	-9.4 	-14.8 	-10.9 	0.1 	3.4 	4.3 	6.2 	6.8 	4.8 	1.4 	3.6 	7.3 	3.3 
A,DW_EXST,RCH_A_AVG,EU	: 	: 	: 	: 	: 	: 	0.3 	-1.6 	-1.0 	1.9 	2.9 	4.9 	5.0 	4.8 	4.3 	5.6 	8.8 	7.4 	-1.6 
A,DW_EXST,RCH_A_AVG,EU27_2020	: 	: 	: 	: 	: 	: 	0.7 	-1.9 	-1.7 	0.8 	2.3 	4.5 	5.0 	5.0 	4.9 	5.7 	8.8 	7.4 	-1.6 
A,DW_EXST,RCH_A_AVG,EU28	: 	: 	: 	: 	: 	: 	0.3 	-1.6 	-1.0 	1.9 	2.9 	4.9 	5.0 	4.8 	4.3 	: 	: 	: 	: 
A,DW_EXST,RCH_A_AVG,FI	: 	: c	: c	: c	: c	8.6 	2.6 	1.2 	0.7 	-0.9 	-0.5 b	1.1 	0.6 	0.7 	0.1 	1.4 	4.3 	0.5 	-6.8 
A,DW_EXST,RCH_A_AVG,FR	: 	12.0 	6.6 	0.8 	-7.1 	5.1 	5.9 	-0.5 	-2.1 	-1.8 	-1.8 	0.9 	3.0 	3.0 	3.3 	5.6 	6.6 	6.4 	-0.7 
A,DW_EXST,RCH_A_AVG,HR	: 	: 	: 	: 	-6.8 	-5.2 	-1.0 	-2.5 	-4.2 	-1.3 	-1.4 	1.8 	4.6 	6.6 	9.1 	8.5 	7.2 	14.5 	12.4 
A,DW_EXST,RCH_A_AVG,HU	: 	: 	: 	2.4 	-5.6 	-1.9 	-3.4 	-4.0 	-2.8 	4.2 	13.3 	13.5 	11.9 	14.4 	17.4 	3.9 	16.1 	22.5 	5.9 p
A,DW_EXST,RCH_A_AVG,IE	: 	: 	: 	: 	: 	: 	-17.2 	-13.6 	2.6 	17.4 	10.9 	7.4 	11.9 	10.1 	1.8 	-0.3 	9.9 	13.5 	1.2 
A,DW_EXST,RCH_A_AVG,IS	: 	: 	: 	: 	: 	: 	: 	: 	: 	: 	: 	: 	19.5 d	8.2 d	4.4 d	6.4 d	12.5 d	21.0 d	7.8 d
A,DW_EXST,RCH_A_AVG,IT	: 	: 	: 	: 	: 	: 	0.4 	-4.6 	-8.7 	-5.5 	-4.5 	0.1 	-1.2 	-1.0 	-0.4 	1.9 	2.2 	3.4 	0.4 
A,DW_EXST,RCH_A_AVG,LT	: 	: 	33.7 	5.2 	-31.3 	-4.3 	5.9 	-1.8 	2.2 	6.8 	3.4 	6.5 	8.6 	7.1 	7.0 	7.7 	17.1 	18.3 	6.8 
A,DW_EXST,RCH_A_AVG,LU	: 	: 	: 	1.5 	-3.6 	5.9 	4.8 	3.9 	3.3 	5.1 	3.9 	6.2 	5.7 	7.8 	10.9 	14.7 	14.9 	8.8 	-11.1 
A,DW_EXST,RCH_A_AVG,LV	: 	: 	38.0 	0.6 	-37.0 	-12.3 	6.0 	0.7 	7.4 	5.3 	-2.1 	8.5 	8.9 	10.2 	8.9 	2.5 	14.0 	14.2 	0.8 
A,DW_EXST,RCH_A_AVG,MT	: 	: 	: 	: 	-6.9 	-3.6 	0.1 	3.5 	3.9 	3.0 	5.0 	6.8 	5.4 	4.4 	5.0 	6.5 	2.2 	5.9 	6.8 p
A,DW_EXST,RCH_A_AVG,NL	: 	4.6 	4.2 	3.0 	-3.4 	-2.3 	-2.4 	-6.4 	-6.6 	0.9 	3.0 	5.5 	8.1 	9.2 	7.0 	7.9 	15.0 	13.3 	-2.8 
A,DW_EXST,RCH_A_AVG,NO	: 	: 	: 	: 	: 	: 	8.0 	6.9 	4.1 	2.7 	7.1 	8.2 	5.6 	1.1 	2.7 	4.5 	10.1 	5.3 	0.0 
A,DW_EXST,RCH_A_AVG,PL	: 	: 	: 	: 	: 	: 	-0.4 	-5.1 	-3.7 	1.3 	0.7 	2.5 	4.5 	7.5 	10.4 	13.8 	9.3 	11.8 	7.3 
A,DW_EXST,RCH_A_AVG,PT	: 	: 	: 	: 	-1.2 	0.8 	-6.6 	-7.8 	-2.2 	4.3 	4.0 	8.7 	10.4 	11.0 	10.2 	9.1 	9.6 	13.9 	8.7 
A,DW_EXST,RCH_A_AVG,RO	: 	: 	: 	: 	: 	-7.7 	-13.8 	-6.5 	0.2 	-2.2 	3.4 	6.0 	7.3 	5.9 	3.8 	4.9 	5.0 	5.1 	0.6 
A,DW_EXST,RCH_A_AVG,SE	: 	14.6 	13.7 	0.5 	2.5 	9.0 	1.9 	0.9 	6.4 	10.6 	14.9 	8.5 	6.7 	-2.9 	2.0 	5.7 	12.3 	1.9 	-6.7 
A,DW_EXST,RCH_A_AVG,SI	: 	: 	: 	4.8 	-7.6 	2.1 	0.7 	-5.6 	-5.3 	-6.9 	0.6 	3.8 	7.8 	8.9 	8.0 	4.8 	11.5 	15.5 	7.3 
A,DW_EXST,RCH_A_AVG,SK	: 	: 	: 	: 	: 	: 	-1.0 	-1.6 	1.3 	1.3 	6.4 	7.0 	5.4 	8.1 	11.0 	10.6 	7.5 	12.1 	0.4 
A,DW_EXST,RCH_A_AVG,TR	: 	: 	: 	: 	: 	: 	8.6 	10.8 	11.4 	12.5 	16.0 	12.7 	11.0 	8.1 	4.1 	23.5 	35.7 	153.5 	97.5 
A,DW_EXST,RCH_A_AVG,UK	: 	8.0 	10.1 	-4.6 	-8.8 	6.1 	-1.7 	0.5 	2.5 	8.0 	6.0 	6.8 	4.5 	3.1 	1.0 	: 	: 	: 	: 
A,DW_NEW,I10_A_AVG,AT	: 	: 	: 	: 	: 	100.00 	105.21 	113.97 	119.47 	124.37 	131.30 	141.62 	145.05 	152.29 	161.37 	173.43 	187.92 	209.54 	208.94 
A,DW_NEW,I10_A_AVG,BE	90.04 	94.44 	98.66 	101.10 	100.02 	100.00 	103.92 	105.86 	109.82 	107.50 	112.37 	116.29 	121.26 	125.12 	128.98 	134.71 	143.17 	150.73 	153.86 
A,DW_NEW,I10_A_AVG,BG	68.68 e	78.77 e	101.56 e	126.90 e	111.97 e	100.00 	98.96 	98.69 	95.99 	98.73 	102.18 	108.73 	116.02 	122.66 	133.03 	135.91 	146.39 	162.27 b	176.29 
A,DW_NEW,I10_A_AVG,CY	: 	: 	: 	: 	: 	100.00 	97.36 	95.01 	91.21 	88.92 	87.68 b	88.23 	90.36 	92.58 	96.88 	96.51 	92.31 	95.09 	98.00 
A,DW_NEW,I10_A_AVG,CZ	: 	: 	: 	99.80 	103.10 	100.00 	98.50 	96.40 	96.40 	98.10 	102.90 	108.90 	124.10 	138.80 	149.70 	163.30 	193.40 	228.70 	225.50 
A,DW_NEW,I10_A_AVG,DE	89.30 	88.40 	90.20 	92.70 	97.70 	100.00 	105.10 	108.10 	109.40 	113.40 	119.60 	127.90 	133.70 	142.30 	147.00 	156.00 	167.50 	175.90 	171.60 
A,DW_NEW,I10_A_AVG,DK	78.28 	103.08 	117.32 	109.70 	101.35 	100.00 	112.60 	125.05 	198.01 	221.19 	247.02 	245.46 	247.03 	251.44 	253.25 	255.12 	265.51 	292.92 	305.73 
A,DW_NEW,I10_A_AVG,EA	: 	: 	: 	: 	: 	100.00 	100.29 	96.99 	95.63 	96.03 	98.40 	102.11 	105.76 	110.67 	115.46 	121.35 	128.85 	138.78 	143.35 
A,DW_NEW,I10_A_AVG,EA19	: 	: 	: 	: 	: 	100.00 	100.39 	97.16 	95.82 	96.28 	98.66 	102.38 	106.04 	110.97 	115.77 	121.67 	129.20 	139.15 	143.70 
A,DW_NEW,I10_A_AVG,EA20	: 	: 	: 	: 	: 	100.00 	100.40 	97.21 	95.84 	96.27 	98.56 	102.22 	105.86 	110.78 	115.58 	121.46 	128.98 	138.99 	143.58 
A,DW_NEW,I10_A_AVG,EE	83.38 	111.53 	150.78 	138.98 	91.09 	100.00 	109.44 	121.75 	132.75 	159.59 	177.33 	186.78 	196.44 	213.58 	229.15 	251.05 	282.93 	333.12 	372.57 
A,DW_NEW,I10_A_AVG,ES	: 	91.51 	102.40 	106.69 	102.27 	100.00 	94.08 	80.56 	76.21 	76.88 	80.52 	85.71 	90.93 	96.66 	103.94 	110.68 	115.70 	124.72 	134.74 
A,DW_NEW,I10_A_AVG,EU	: 	: 	: 	: 	: 	100.00 	100.50 	97.90 	96.42 	97.45 	99.96 	103.80 	107.73 	113.10 	118.11 	123.80 	132.14 	144.27 	151.40 
A,DW_NEW,I10_A_AVG,EU27_2020	: 	: 	: 	: 	: 	100.00 	100.46 	97.75 	95.96 	96.51 	98.84 	102.31 	106.11 	111.44 	116.74 	122.67 	130.93 	142.95 	150.01 
A,DW_NEW,I10_A_AVG,EU28	: 	: 	: 	: 	: 	100.00 	100.52 	97.94 	96.43 	97.46 	99.97 	103.81 	107.74 	113.10 	118.12 	: 	: 	: 	: 
A,DW_NEW,I10_A_AVG,FI	: c	: c	: c	: c	98.39 	100.00 	104.21 	109.31 	111.64 	112.79 	114.00 b	116.72 	121.07 	123.80 	126.00 	130.60 	137.90 	143.95 	143.20 
A,DW_NEW,I10_A_AVG,FR	83.54 	90.87 	95.77 	97.19 	97.38 	100.00 	104.86 	104.27 	103.87 	104.01 	105.77 	107.58 	111.83 	114.64 	118.78 	122.38 	128.02 	135.45 	137.37 
A,DW_NEW,I10_A_AVG,HR	: 	: 	: 	110.84 	108.51 	100.00 	101.77 	101.50 	98.00 	95.92 	90.02 	86.96 	86.89 	89.98 	97.48 	98.69 	107.45 	126.25 	137.59 
A,DW_NEW,I10_A_AVG,HU	: 	: 	106.50 	108.87 	105.46 	100.00 	96.76 	96.66 	97.72 	101.85 	110.58 	121.75 	144.58 	164.39 	182.15 	204.63 	244.52 	297.07 	342.25 p
A,DW_NEW,I10_A_AVG,IE	: 	: 	: 	: 	: 	100.00 	83.46 	72.86 	67.40 	74.04 	85.41 	91.93 	96.95 	106.55 	110.86 	113.21 	116.97 	126.74 	139.92 
A,DW_NEW,I10_A_AVG,IT	: 	: 	: 	: 	: 	100.00 	103.20 	105.50 	104.10 	101.30 	99.30 	100.00 	99.30 	100.40 	101.60 	103.70 	107.70 	114.20 	120.60 
A,DW_NEW,I10_A_AVG,LT	: 	116.84 	132.17 	153.54 	111.43 	100.00 	110.15 	119.27 	117.22 	123.16 	129.59 	132.43 	145.53 	156.83 	166.95 	177.51 	203.39 	245.57 	283.55 
A,DW_NEW,I10_A_AVG,LU	: 	: 	87.80 	93.32 	95.65 	100.00 	101.51 	106.05 	114.18 	117.17 	126.76 	133.87 	141.19 	149.14 	161.86 	185.29 	207.30 	230.68 	222.67 
A,DW_NEW,I10_A_AVG,LV	: 	131.48 	170.48 	175.30 	107.63 	100.00 	133.58 	154.72 	160.94 	174.82 	161.41 	173.52 	188.07 	199.61 	217.12 	233.78 	236.96 	267.63 	308.48 
A,DW_NEW,I10_A_AVG,MT	: 	: 	: 	101.67 	97.86 	100.00 	97.97 	100.82 	98.72 	100.69 	106.85 	112.17 	118.05 	125.40 	133.53 	136.77 	144.99 	154.94 	164.21 p
A,DW_NEW,I10_A_AVG,NL	98.90 	102.11 	109.27 	108.41 	99.24 	100.00 	99.97 	91.97 	88.94 	88.97 	94.80 	98.61 	106.43 	117.03 	126.79 	137.93 	153.17 	172.93 	179.36 
A,DW_NEW,I10_A_AVG,NO	: 	: 	: 	: 	: 	100.00 	108.56 	115.91 	121.45 	124.34 	131.54 	140.85 	148.27 	151.53 	161.06 	169.91 	181.97 	194.61 	203.58 
A,DW_NEW,I10_A_AVG,PL	: 	: 	: 	: 	: 	100.00 	101.08 	100.65 	95.72 	96.22 	98.73 	99.80 	102.99 	108.63 	115.89 	123.10 	134.30 	150.16 	165.88 
A,DW_NEW,I10_A_AVG,PT	: 	: 	: 	99.78 	99.30 	100.00 	97.06 	90.96 	89.78 	93.48 	95.07 	98.24 	103.74 	111.52 	121.30 	130.43 	141.80 	154.07 	164.26 
A,DW_NEW,I10_A_AVG,RO	: 	: 	: 	: 	107.26 	100.00 	96.59 	98.27 	93.51 	92.53 	91.04 	95.95 	96.21 	100.06 	101.89 	105.93 	107.65 	119.85 	130.29 
A,DW_NEW,I10_A_AVG,SE	78.59 	81.41 	86.98 	90.58 	96.25 	100.00 	105.64 	108.03 	106.87 	110.05 	112.53 	119.50 	126.91 	139.21 	145.77 	143.54 	144.96 	166.08 	171.23 
A,DW_NEW,I10_A_AVG,SI	: 	: 	105.25 	116.98 	102.62 	100.00 	105.24 	95.23 	90.52 	85.29 	86.86 	87.15 	96.36 	104.31 	104.41 	108.50 	122.04 	131.21 	139.82 
A,DW_NEW,I10_A_AVG,SK	: 	: 	: 	: 	: 	100.00 	97.42 	92.12 	91.88 	93.16 	95.85 	101.49 	108.24 	114.73 	121.55 	131.09 	137.51 	159.82 	155.91 
A,DW_NEW,I10_A_AVG,TR	: 	: 	: 	: 	: 	100.00 	108.86 	120.93 	135.09 	149.24 	170.90 	191.04 	211.49 	230.48 	245.83 	310.14 	439.90 	1103.93 	2220.97 
A,DW_NEW,I10_A_AVG,UK	97.32 	103.51 	111.55 	107.95 	97.22 	100.00 	101.51 	101.09 	104.05 	112.43 	118.15 	129.19 	135.79 	141.55 	142.69 	: 	: 	: 	: 
A,DW_NEW,I15_A_AVG,AT	: 	: 	: 	: 	: 	76.16 	80.13 	86.79 	90.98 	94.72 	100.00 	107.85 	110.47 	115.98 	122.90 	132.08 	143.12 	159.58 	159.13 
A,DW_NEW,I15_A_AVG,BE	80.13 	84.04 	87.80 	89.98 	89.01 	88.99 	92.49 	94.21 	97.74 	95.67 	100.00 	103.49 	107.91 	111.35 	114.79 	119.88 	127.41 	134.14 	136.92 
A,DW_NEW,I15_A_AVG,BG	67.21 e	77.09 e	99.39 e	124.19 e	109.57 e	97.86 	96.85 	96.58 	93.94 	96.62 	100.00 	106.41 	113.54 	120.04 	130.19 	133.00 	143.27 	158.81 b	172.52 
A,DW_NEW,I15_A_AVG,CY	: 	: 	: 	: 	: 	114.06 	111.04 	108.37 	104.04 	101.42 	100.00 b	100.63 	103.06 	105.59 	110.50 	110.07 	105.28 	108.45 	111.77 
A,DW_NEW,I15_A_AVG,CZ	: 	: 	: 	97.00 	100.20 	97.20 	95.80 	93.60 	93.70 	95.40 	100.00 	105.90 	120.60 	134.90 	145.50 	158.70 	188.00 	222.30 	219.20 
A,DW_NEW,I15_A_AVG,DE	74.60 	73.90 	75.40 	77.40 	81.60 	83.60 	87.80 	90.30 	91.40 	94.80 	100.00 	106.90 	111.80 	118.90 	122.90 	130.40 	140.00 	147.00 	143.50 
A,DW_NEW,I15_A_AVG,DK	31.69 	41.73 	47.50 	44.41 	41.03 	40.48 	45.58 	50.62 	80.16 	89.54 	100.00 	99.37 	100.00 	101.79 	102.52 	103.28 	107.49 	118.59 	123.77 
A,DW_NEW,I15_A_AVG,EA	: 	: 	: 	: 	: 	101.63 	101.92 	98.57 	97.19 	97.59 	100.00 	103.77 	107.48 	112.48 	117.34 	123.32 	130.95 	141.03 	145.67 
A,DW_NEW,I15_A_AVG,EA19	: 	: 	: 	: 	: 	101.36 	101.74 	98.48 	97.11 	97.58 	100.00 	103.77 	107.48 	112.48 	117.34 	123.32 	130.95 	141.03 	145.64 
A,DW_NEW,I15_A_AVG,EA20	: 	: 	: 	: 	: 	101.46 	101.86 	98.63 	97.24 	97.67 	100.00 	103.72 	107.41 	112.40 	117.27 	123.23 	130.87 	141.02 	145.68 
A,DW_NEW,I15_A_AVG,EE	47.02 	62.89 	85.03 	78.37 	51.37 	56.39 	61.71 	68.65 	74.86 	90.00 	100.00 	105.33 	110.78 	120.45 	129.22 	141.57 	159.55 	187.85 	210.10 
A,DW_NEW,I15_A_AVG,ES	: 	113.65 	127.18 	132.51 	127.03 	124.20 	116.84 	100.05 	94.66 	95.48 	100.00 	106.45 	112.93 	120.05 	129.10 	137.47 	143.71 	154.90 	167.35 
A,DW_NEW,I15_A_AVG,EU	: 	: 	: 	: 	: 	100.04 	100.54 	97.93 	96.46 	97.49 	100.00 	103.84 	107.77 	113.14 	118.15 	123.85 	132.19 	144.32 	151.45 
A,DW_NEW,I15_A_AVG,EU27_2020	: 	: 	: 	: 	: 	101.18 	101.64 	98.90 	97.09 	97.65 	100.00 	103.52 	107.36 	112.75 	118.11 	124.12 	132.48 	144.63 	151.78 
A,DW_NEW,I15_A_AVG,EU28	: 	: 	: 	: 	: 	100.03 	100.55 	97.96 	96.46 	97.49 	100.00 	103.84 	107.77 	113.14 	118.15 	: 	: 	: 	: 
A,DW_NEW,I15_A_AVG,FI	: c	: c	: c	: c	86.31 	87.72 	91.41 	95.88 	97.93 	98.94 	100.00 b	102.38 	106.20 	108.59 	110.52 	114.56 	120.96 	126.27 	125.61 
A,DW_NEW,I15_A_AVG,FR	78.98 	85.92 	90.54 	91.89 	92.07 	94.55 	99.14 	98.58 	98.21 	98.33 	100.00 	101.72 	105.73 	108.39 	112.30 	115.70 	121.03 	128.06 	129.87 
A,DW_NEW,I15_A_AVG,HR	: 	: 	: 	123.13 	120.53 	111.08 	113.05 	112.75 	108.86 	106.55 	100.00 	96.60 	96.52 	99.95 	108.28 	109.63 	119.36 	140.24 	152.84 
A,DW_NEW,I15_A_AVG,HU	: 	: 	96.31 	98.46 	95.38 	90.44 	87.50 	87.42 	88.37 	92.11 	100.00 	110.11 	130.76 	148.67 	164.73 	185.06 	221.13 	268.66 	309.51 p
A,DW_NEW,I15_A_AVG,IE	: 	: 	: 	: 	: 	117.08 	97.71 	85.30 	78.91 	86.69 	100.00 	107.63 	113.51 	124.75 	129.80 	132.55 	136.95 	148.38 	163.82 
A,DW_NEW,I15_A_AVG,IT	: 	: 	: 	: 	: 	100.80 	104.00 	106.30 	104.80 	102.00 	100.00 	100.70 	100.00 	101.10 	102.30 	104.50 	108.50 	115.10 	121.50 
A,DW_NEW,I15_A_AVG,LT	: 	90.16 	101.99 	118.48 	85.98 	77.17 	85.00 	92.04 	90.45 	95.04 	100.00 	102.19 	112.31 	121.02 	128.83 	136.98 	156.95 	189.50 	218.81 
A,DW_NEW,I15_A_AVG,LU	: 	: 	69.26 	73.61 	75.46 	78.89 	80.08 	83.66 	90.07 	92.43 	100.00 	105.61 	111.38 	117.65 	127.69 	146.17 	163.54 	181.98 	175.66 
A,DW_NEW,I15_A_AVG,LV	: 	81.46 	105.62 	108.60 	66.68 	61.96 	82.76 	95.85 	99.71 	108.31 	100.00 	107.50 	116.52 	123.67 	134.51 	144.84 	146.81 	165.81 	191.12 
A,DW_NEW,I15_A_AVG,MT	: 	: 	: 	95.16 	91.59 	93.59 	91.69 	94.36 	92.40 	94.24 	100.00 	104.98 	110.49 	117.37 	124.98 	128.01 	135.70 	145.01 	153.69 p
A,DW_NEW,I15_A_AVG,NL	104.33 	107.71 	115.28 	114.37 	104.69 	105.49 	105.46 	97.02 	93.82 	93.86 	100.00 	104.03 	112.28 	123.46 	133.76 	145.51 	161.57 	182.43 	189.21 
A,DW_NEW,I15_A_AVG,NO	: 	: 	: 	: 	: 	76.02 	82.53 	88.12 	92.32 	94.53 	100.00 	107.07 	112.72 	115.19 	122.44 	129.17 	138.34 	147.94 	154.77 
A,DW_NEW,I15_A_AVG,PL	: 	: 	: 	: 	: 	101.28 	102.38 	101.94 	96.95 	97.46 	100.00 	101.08 	104.31 	110.02 	117.38 	124.68 	136.02 	152.09 	168.01 
A,DW_NEW,I15_A_AVG,PT	: 	: 	: 	104.95 	104.45 	105.19 	102.10 	95.68 	94.43 	98.33 	100.00 	103.33 	109.12 	117.30 	127.59 	137.19 	149.15 	162.06 	172.78 
A,DW_NEW,I15_A_AVG,RO	: 	: 	: 	: 	117.82 	109.85 	106.11 	107.94 	102.71 	101.64 	100.00 	105.39 	105.68 	109.91 	111.92 	116.36 	118.25 	131.65 	143.12 
A,DW_NEW,I15_A_AVG,SE	69.84 	72.35 	77.30 	80.50 	85.54 	88.87 	93.87 	96.00 	94.97 	97.80 	100.00 	106.20 	112.78 	123.71 	129.54 	127.56 	128.82 	147.59 	152.17 
A,DW_NEW,I15_A_AVG,SI	: 	: 	121.18 	134.69 	118.16 	115.14 	121.18 	109.65 	104.22 	98.20 	100.00 	100.34 	110.95 	120.10 	120.22 	124.92 	140.51 	151.07 	160.99 
A,DW_NEW,I15_A_AVG,SK	: 	: 	: 	: 	: 	104.33 	101.64 	96.11 	95.86 	97.19 	100.00 	105.88 	112.92 	119.69 	126.82 	136.77 	143.46 	166.74 	162.67 
A,DW_NEW,I15_A_AVG,TR	: 	: 	: 	: 	: 	58.51 	63.70 	70.76 	79.05 	87.32 	100.00 	111.78 	123.75 	134.86 	143.84 	181.47 	257.40 	645.94 	1299.55 
A,DW_NEW,I15_A_AVG,UK	82.37 	87.61 	94.42 	91.37 	82.29 	84.65 	85.92 	85.56 	88.07 	95.17 	100.00 	109.35 	114.94 	119.81 	120.78 	: 	: 	: 	: 
A,DW_NEW,RCH_A_AVG,AT	: 	: 	: 	: 	: 	: 	5.2 	8.3 	4.8 	4.1 	5.6 	7.9 	2.4 	5.0 	6.0 	7.5 	8.4 	11.5 	-0.3 
A,DW_NEW,RCH_A_AVG,BE	: 	4.9 	4.5 	2.5 	-1.1 	0.0 	3.9 	1.9 	3.7 	-2.1 	4.5 	3.5 	4.3 	3.2 	3.1 	4.4 	6.3 	5.3 	2.1 
A,DW_NEW,RCH_A_AVG,BG	: 	14.7 e	28.9 e	25.0 e	-11.8 e	-10.7 e	-1.0 	-0.3 	-2.7 	2.8 	3.5 	6.4 	6.7 	5.7 	8.5 	2.2 	7.7 	10.8 b	8.6 
A,DW_NEW,RCH_A_AVG,CY	: 	: c	: c	: c	: c	: c	-2.6 	-2.4 	-4.0 	-2.5 	-1.4 b	0.6 	2.4 	2.4 	4.6 	-0.4 	-4.4 	3.0 	3.1 
A,DW_NEW,RCH_A_AVG,CZ	: 	: 	: 	: 	3.3 	-3.0 	-1.5 	-2.2 	0.1 	1.8 	4.8 	5.9 	13.9 	11.8 	7.9 	9.1 	18.4 	18.3 	-1.4 
A,DW_NEW,RCH_A_AVG,DE	: 	-1.0 	2.1 	2.7 	5.4 	2.4 	5.1 	2.8 	1.2 	3.7 	5.5 	6.9 	4.6 	6.4 	3.3 	6.2 	7.4 	5.0 	-2.4 
A,DW_NEW,RCH_A_AVG,DK	: 	31.7 	13.8 	-6.5 	-7.6 	-1.3 	12.6 	11.1 	58.3 	11.7 	11.7 	-0.6 	0.6 	1.8 	0.7 	0.7 	4.1 	10.3 	4.4 
A,DW_NEW,RCH_A_AVG,EA	: 	: 	: 	: 	: 	: 	0.3 	-3.3 	-1.4 	0.4 	2.5 	3.8 	3.6 	4.6 	4.3 	5.1 	6.2 	7.7 	3.3 
A,DW_NEW,RCH_A_AVG,EA19	: 	: 	: 	: 	: 	: 	0.4 	-3.2 	-1.4 	0.5 	2.5 	3.8 	3.6 	4.6 	4.3 	5.1 	6.2 	7.7 	3.3 
A,DW_NEW,RCH_A_AVG,EA20	: 	: 	: 	: 	: 	: 	0.4 	-3.2 	-1.4 	0.4 	2.4 	3.7 	3.6 	4.6 	4.3 	5.1 	6.2 	7.8 	3.3 
A,DW_NEW,RCH_A_AVG,EE	: 	33.8 	35.2 	-7.8 	-34.5 	9.8 	9.4 	11.2 	9.0 	20.2 	11.1 	5.3 	5.2 	8.7 	7.3 	9.6 	12.7 	17.7 	11.8 
A,DW_NEW,RCH_A_AVG,ES	: 	: 	11.9 	4.2 	-4.1 	-2.2 	-5.9 	-14.4 	-5.4 	0.9 	4.7 	6.4 	6.1 	6.3 	7.5 	6.5 	4.5 	7.8 	8.0 
A,DW_NEW,RCH_A_AVG,EU	: 	: 	: 	: 	: 	: 	0.5 	-2.6 	-1.5 	1.1 	2.6 	3.8 	3.8 	5.0 	4.4 	4.8 	6.7 	9.2 	4.9 
A,DW_NEW,RCH_A_AVG,EU27_2020	: 	: 	: 	: 	: 	: 	0.5 	-2.7 	-1.8 	0.6 	2.4 	3.5 	3.7 	5.0 	4.8 	5.1 	6.7 	9.2 	4.9 
A,DW_NEW,RCH_A_AVG,EU28	: 	: 	: 	: 	: 	: 	0.5 	-2.6 	-1.5 	1.1 	2.6 	3.8 	3.8 	5.0 	4.4 	: 	: 	: 	: 
A,DW_NEW,RCH_A_AVG,FI	: 	: c	: c	: c	: c	1.6 	4.2 	4.9 	2.1 	1.0 	1.1 b	2.4 	3.7 	2.2 	1.8 	3.6 	5.6 	4.4 	-0.5 
A,DW_NEW,RCH_A_AVG,FR	: 	8.8 	5.4 	1.5 	0.2 	2.7 	4.9 	-0.6 	-0.4 	0.1 	1.7 	1.7 	3.9 	2.5 	3.6 	3.0 	4.6 	5.8 	1.4 
A,DW_NEW,RCH_A_AVG,HR	: 	: 	: 	: 	-2.1 	-7.8 	1.8 	-0.3 	-3.5 	-2.1 	-6.1 	-3.4 	-0.1 	3.6 	8.3 	1.2 	8.9 	17.5 	9.0 
A,DW_NEW,RCH_A_AVG,HU	: 	: 	: 	2.2 	-3.1 	-5.2 	-3.2 	-0.1 	1.1 	4.2 	8.6 	10.1 	18.8 	13.7 	10.8 	12.3 	19.5 	21.5 	15.2 p
A,DW_NEW,RCH_A_AVG,IE	: 	: 	: 	: 	: 	: 	-16.5 	-12.7 	-7.5 	9.9 	15.4 	7.6 	5.5 	9.9 	4.0 	2.1 	3.3 	8.3 	10.4 
A,DW_NEW,RCH_A_AVG,IT	: 	: 	: 	: 	: 	: 	3.2 	2.3 	-1.4 	-2.6 	-2.0 	0.7 	-0.7 	1.1 	1.2 	2.1 	3.8 	6.1 	5.6 
A,DW_NEW,RCH_A_AVG,LT	: 	: 	13.1 	16.2 	-27.4 	-10.2 	10.2 	8.3 	-1.7 	5.1 	5.2 	2.2 	9.9 	7.8 	6.5 	6.3 	14.6 	20.7 	15.5 
A,DW_NEW,RCH_A_AVG,LU	: 	: 	: 	6.3 	2.5 	4.5 	1.5 	4.5 	7.7 	2.6 	8.2 	5.6 	5.5 	5.6 	8.5 	14.5 	11.9 	11.3 	-3.5 
A,DW_NEW,RCH_A_AVG,LV	: 	: 	29.7 	2.8 	-38.6 	-7.1 	33.6 	15.8 	4.0 	8.6 	-7.7 	7.5 	8.4 	6.1 	8.8 	7.7 	1.4 	12.9 	15.3 
A,DW_NEW,RCH_A_AVG,MT	: 	: 	: 	: 	-3.7 	2.2 	-2.0 	2.9 	-2.1 	2.0 	6.1 	5.0 	5.2 	6.2 	6.5 	2.4 	6.0 	6.9 	6.0 p
A,DW_NEW,RCH_A_AVG,NL	: 	3.2 	7.0 	-0.8 	-8.5 	0.8 	0.0 	-8.0 	-3.3 	0.0 	6.5 	4.0 	7.9 	10.0 	8.3 	8.8 	11.0 	12.9 	3.7 
A,DW_NEW,RCH_A_AVG,NO	: 	: 	: 	: 	: 	: 	8.6 	6.8 	4.8 	2.4 	5.8 	7.1 	5.3 	2.2 	6.3 	5.5 	7.1 	6.9 	4.6 
A,DW_NEW,RCH_A_AVG,PL	: 	: 	: 	: 	: 	: 	1.1 	-0.4 	-4.9 	0.5 	2.6 	1.1 	3.2 	5.5 	6.7 	6.2 	9.1 	11.8 	10.5 
A,DW_NEW,RCH_A_AVG,PT	: 	: 	: 	: 	-0.5 	0.7 	-2.9 	-6.3 	-1.3 	4.1 	1.7 	3.3 	5.6 	7.5 	8.8 	7.5 	8.7 	8.7 	6.6 
A,DW_NEW,RCH_A_AVG,RO	: 	: 	: 	: 	: 	-6.8 	-3.4 	1.7 	-4.8 	-1.0 	-1.6 	5.4 	0.3 	4.0 	1.8 	4.0 	1.6 	11.3 	8.7 
A,DW_NEW,RCH_A_AVG,SE	: 	3.6 	6.8 	4.1 	6.3 	3.9 	5.6 	2.3 	-1.1 	3.0 	2.3 	6.2 	6.2 	9.7 	4.7 	-1.5 	1.0 	14.6 	3.1 
A,DW_NEW,RCH_A_AVG,SI	: 	: 	: 	11.1 	-12.3 	-2.6 	5.2 	-9.5 	-4.9 	-5.8 	1.8 	0.3 	10.6 	8.3 	0.1 	3.9 	12.5 	7.5 	6.6 
A,DW_NEW,RCH_A_AVG,SK	: 	: 	: 	: 	: 	: 	-2.6 	-5.4 	-0.3 	1.4 	2.9 	5.9 	6.6 	6.0 	6.0 	7.8 	4.9 	16.2 	-2.4 
A,DW_NEW,RCH_A_AVG,TR	: 	: 	: 	: 	: 	: 	8.9 	11.1 	11.7 	10.5 	14.5 	11.8 	10.7 	9.0 	6.7 	26.2 	41.8 	151.0 	101.2 
A,DW_NEW,RCH_A_AVG,UK	: 	6.4 	7.8 	-3.2 	-9.9 	2.9 	1.5 	-0.4 	2.9 	8.1 	5.1 	9.4 	5.1 	4.2 	0.8 	: 	: 	: 	: 
A,TOTAL,I10_A_AVG,AT	: 	: 	: 	: 	: 	100.00 	105.36 	112.34 	117.94 	122.44 	129.33 	138.00 	145.02 	153.68 	162.91 	175.25 	195.30 	217.90 	211.68 
A,TOTAL,I10_A_AVG,BE	79.53 	87.33 	94.11 	98.20 	97.80 	100.00 	103.58 	106.02 	107.59 	107.23 	109.17 	111.72 	115.67 	119.16 	123.62 	128.92 	137.52 	145.12 	148.52 
A,TOTAL,I10_A_AVG,BG	75.69 e	86.82 e	111.92 e	139.86 e	111.32 e	100.00 	94.49 	92.69 	90.65 	91.95 	94.52 b	101.15 	109.91 	117.16 	124.21 	129.87 	141.14 	160.60 b	176.43 
A,TOTAL,I10_A_AVG,CY	85.97 	96.17 	107.46 	113.52 	106.08 	100.00 	98.40 	95.39 	91.49 	89.88 	88.58 b	88.81 	90.81 	92.40 	95.84 	95.65 	92.41 	94.89 	97.67 
A,TOTAL,I10_A_AVG,CZ	: 	: 	: 	105.90 	101.80 	100.00 	100.00 	98.60 	98.60 	101.00 	105.10 	112.50 	125.80 	136.50 	149.00 	161.60 	193.50 	226.10 	222.30 
A,TOTAL,I10_A_AVG,DE	99.40 	99.00 	96.90 	98.20 	99.00 	100.00 	103.60 	107.10 	110.40 	113.90 	119.30 	128.30 	136.10 	145.20 	153.50 	165.40 	184.60 	193.90 	177.40 
A,TOTAL,I10_A_AVG,DK	91.47 	113.49 	116.53 	110.51 	97.28 	100.00 	98.30 	95.65 	99.37 	103.12 	110.31 	115.36 	121.08 	126.51 	129.30 	134.91 	150.65 	157.90 	151.22 
A,TOTAL,I10_A_AVG,EA	90.55 	96.66 	100.65 	101.85 	99.06 	100.00 	101.11 	99.01 	97.06 	97.33 	98.95 	102.94 	107.47 	112.67 	117.59 	123.76 	133.53 	142.87 	141.11 
A,TOTAL,I10_A_AVG,EA19	89.87 	96.39 	100.91 	102.32 	99.11 	100.00 	101.16 	99.10 	97.19 	97.51 	99.13 	103.14 	107.67 	112.88 	117.81 	123.99 	133.78 	143.14 	141.30 
A,TOTAL,I10_A_AVG,EA20	89.82 	96.39 	100.96 	102.39 	99.16 	100.00 	101.15 	99.09 	97.17 	97.48 	99.07 	103.05 	107.57 	112.78 	117.74 	123.94 	133.73 	143.16 	141.47 
A,TOTAL,I10_A_AVG,EE	92.35 	138.06 	166.72 	150.69 	94.63 	100.00 	108.49 	116.39 	128.79 	146.45 	156.50 	163.92 	172.95 	183.20 	196.04 	207.81 	239.09 	292.27 	309.43 
A,TOTAL,I10_A_AVG,ES	: 	100.71 	110.58 	109.00 	101.80 	100.00 	92.36 	78.71 	71.52 	71.75 	74.32 	77.76 	82.57 	88.13 	92.69 	94.76 	98.25 	105.52 	109.76 
A,TOTAL,I10_A_AVG,EU	86.99 	94.66 	102.84 	103.40 	98.81 	100.00 	100.34 	98.56 	97.46 	99.15 	101.94 	106.73 	111.81 	117.18 	122.26 	128.90 	139.75 	150.60 	150.13 
A,TOTAL,I10_A_AVG,EU27_2020	85.65 	94.08 	102.07 	103.42 	99.54 	100.00 	100.63 	98.51 	96.82 	97.52 	99.77 	104.07 	109.06 	114.55 	120.12 	126.84 	137.51 	148.19 	147.73 
A,TOTAL,I10_A_AVG,EU28	86.40 	94.66 	102.88 	103.44 	98.85 	100.00 	100.34 	98.57 	97.45 	99.14 	101.93 	106.72 	111.80 	117.17 	122.25 	: 	: 	: 	: 
A,TOTAL,I10_A_AVG,FI	81.22 	86.87 	92.00 	92.73 	94.07 	100.00 	103.18 	105.67 	106.89 	106.51 	106.52 b	107.89 	109.06 	110.07 	110.53 	112.48 	117.65 	119.03 	112.28 
A,TOTAL,I10_A_AVG,FR	84.94 	94.76 	100.83 	101.78 	95.57 	100.00 	105.73 	105.15 	103.20 	101.62 	100.26 	101.31 	104.51 	107.57 	111.14 	116.92 	124.30 	132.16 	131.60 
A,TOTAL,I10_A_AVG,HR	: 	: 	: 	112.38 	106.76 	100.00 	100.18 	98.61 	94.71 	93.22 	90.53 	91.33 	94.82 	100.61 	109.63 	118.03 	126.66 	145.46 	162.83 
A,TOTAL,I10_A_AVG,HU	: 	: 	105.61 	108.12 	102.45 	100.00 	96.57 	93.00 	90.62 	94.41 	106.77 	121.06 	135.86 	155.35 	181.69 	190.67 	222.12 	271.75 	291.00 p
A,TOTAL,I10_A_AVG,IE	124.46 	142.98 	153.65 	142.98 	115.60 	100.00 	82.92 	71.76 	72.66 	84.67 	94.38 	101.42 	112.44 	123.94 	126.85 	127.24 	137.77 	154.74 	159.48 
A,TOTAL,I10_A_AVG,IS	84.14 	98.30 	107.53 	114.22 	103.13 	100.00 	104.64 	111.86 	118.31 	128.28 	138.85 	152.41 	182.17 	197.18 	205.90 	219.09 	246.54 	298.31 	321.53 
A,TOTAL,I10_A_AVG,IT	: 	: 	: 	: 	: 	100.00 	101.40 	98.80 	92.40 	88.00 	84.70 	84.90 	84.00 	83.50 	83.40 	85.00 	87.20 	90.50 	91.60 
A,TOTAL,I10_A_AVG,LT	: 	111.93 	141.39 	154.10 	107.98 	100.00 	106.60 	106.36 	107.65 	114.57 	118.76 	125.18 	136.33 	146.29 	156.30 	167.66 	194.58 	231.64 	254.37 
A,TOTAL,I10_A_AVG,LU	: 	: 	92.86 	95.96 	94.86 	100.00 	103.68 	108.03 	113.42 	118.39 	124.78 	132.28 	139.70 	149.56 	164.69 	188.56 	214.81 	235.33 	213.98 
A,TOTAL,I10_A_AVG,LV	: 	130.02 	177.19 	179.15 	112.31 	100.00 	110.42 	113.71 	121.50 	128.78 	124.46 	135.03 	146.87 	160.92 	175.33 	181.42 	201.18 	229.01 	237.57 
A,TOTAL,I10_A_AVG,MT	64.19 	76.94 	93.09 	103.41 	98.94 	100.00 	98.64 	101.65 	101.23 	103.82 	109.85 	115.84 	121.96 	129.01 	136.92 	141.55 	148.77 	158.67 	168.53 p
A,TOTAL,I10_A_AVG,NL	95.36 	99.41 	104.22 	106.52 	101.78 	100.00 	98.03 	91.46 	85.94 	86.66 	89.71 	94.45 	102.09 	111.60 	119.65 	129.24 	147.96 	167.61 	164.39 
A,TOTAL,I10_A_AVG,NO	71.59 d	81.39 d	91.64 d	90.66 d	92.38 d	100.00 	108.17 	115.46 	120.43 	123.72 	131.99 	142.39 	150.13 	152.48 	158.62 	166.45 	181.69 	192.32 	194.85 
A,TOTAL,I10_A_AVG,PL	: 	: 	: 	: 	: 	100.00 	100.07 	96.58 	92.35 	93.27 	94.69 	96.45 	100.16 	106.75 	116.01 	128.17 	139.92 	156.43 	170.23 
A,TOTAL,I10_A_AVG,PT	: 	: 	: 	100.16 	99.24 	100.00 	95.10 	88.38 	86.71 	90.39 	93.15 	99.77 	109.00 	120.19 	132.16 	143.75 	157.27 	177.14 	191.66 
A,TOTAL,I10_A_AVG,RO	: 	: 	: 	: 	108.15 	100.00 	87.69 	83.25 	83.03 	81.33 	83.65 	88.63 	93.99 	99.23 	102.63 	107.44 	112.17 	120.21 	124.17 
A,TOTAL,I10_A_AVG,SE	70.36 	79.03 	88.88 	89.87 	92.70 	100.00 	102.58 	103.87 	109.22 	119.52 	135.20 	146.34 	156.06 	154.60 	158.44 	165.09 	181.79 	188.27 	178.37 
A,TOTAL,I10_A_AVG,SI	: 	: 	103.11 	110.32 	99.87 	100.00 	102.71 	95.64 	90.62 	84.64 	85.32 	88.10 	95.38 	103.71 	110.65 	115.75 	129.11 	148.16 	158.88 
A,TOTAL,I10_A_AVG,SK	: 	78.29 	100.98 	119.06 	103.88 	100.00 	98.50 	95.77 	96.53 	97.83 	103.04 	109.91 	116.34 	125.00 	136.41 	149.43 	158.95 	180.73 	180.40 
A,TOTAL,I10_A_AVG,TR	: 	: 	: 	: 	: 	100.00 d	108.80 d	120.67 d	134.46 d	151.25 d	175.08 d	197.46 d	218.81 d	235.94 d	247.29 d	306.11 d	421.03 d	1070.43 d	2129.45 d
A,TOTAL,I10_A_AVG,UK	91.64 	98.79 	108.58 	103.79 	94.53 	100.00 	98.53 	98.90 	101.44 	109.58 	116.08 	124.19 	129.85 	134.10 	135.42 	: 	: 	: 	: 
A,TOTAL,I15_A_AVG,AT	: 	: 	: 	: 	: 	77.32 	81.47 	86.86 	91.20 	94.68 	100.00 	106.71 	112.14 	118.83 	125.97 	135.52 	151.02 	168.49 	163.68 
A,TOTAL,I15_A_AVG,BE	72.85 	80.00 	86.20 	89.95 	89.58 	91.60 	94.88 	97.11 	98.55 	98.22 	100.00 	102.33 	105.95 	109.15 	113.23 	118.09 	125.96 	132.93 	136.05 
A,TOTAL,I15_A_AVG,BG	80.09 e	91.86 e	118.42 e	147.97 e	117.79 e	105.81 	99.98 	98.07 	95.92 	97.29 	100.00 b	107.02 	116.30 	123.96 	131.42 	137.41 	149.33 	169.92 b	186.67 
A,TOTAL,I15_A_AVG,CY	97.06 	108.57 	121.32 	128.17 	119.76 	112.90 	111.09 	107.70 	103.29 	101.47 	100.00 b	100.27 	102.52 	104.32 	108.20 	107.98 	104.33 	107.13 	110.27 
A,TOTAL,I15_A_AVG,CZ	: 	: 	: 	100.80 	96.90 	95.20 	95.30 	93.90 	93.90 	96.20 	100.00 	107.20 	119.70 	130.00 	141.90 	153.90 	184.20 	215.30 	211.70 
A,TOTAL,I15_A_AVG,DE	83.30 	83.00 	81.20 	82.30 	83.00 	83.90 	86.80 	89.80 	92.60 	95.50 	100.10 	107.50 	114.10 	121.70 	128.70 	138.70 	154.80 	162.60 	148.80 
A,TOTAL,I15_A_AVG,DK	82.93 	102.89 	105.65 	100.19 	88.19 	90.66 	89.12 	86.71 	90.09 	93.49 	100.00 	104.58 	109.77 	114.70 	117.22 	122.31 	136.57 	143.15 	137.10 
A,TOTAL,I15_A_AVG,EA	91.50 	97.69 	101.72 	102.93 	100.11 	101.06 	102.18 	100.07 	98.09 	98.36 	100.00 	104.04 	108.61 	113.86 	118.84 	125.07 	134.95 	144.39 	142.61 
A,TOTAL,I15_A_AVG,EA19	90.66 	97.23 	101.79 	103.21 	99.97 	100.88 	102.05 	99.96 	98.04 	98.36 	100.00 	104.04 	108.61 	113.86 	118.84 	125.07 	134.95 	144.39 	142.53 
A,TOTAL,I15_A_AVG,EA20	90.66 	97.29 	101.91 	103.35 	100.09 	100.94 	102.10 	100.02 	98.08 	98.39 	100.00 	104.01 	108.58 	113.84 	118.85 	125.11 	134.98 	144.50 	142.80 
A,TOTAL,I15_A_AVG,EE	59.01 	88.22 	106.54 	96.29 	60.47 	63.90 	69.32 	74.37 	82.29 	93.58 	100.00 	104.75 	110.51 	117.07 	125.27 	132.79 	152.78 	186.76 	197.72 
A,TOTAL,I15_A_AVG,ES	: 	135.50 	148.79 	146.66 	136.97 	134.55 	124.27 	105.90 	96.24 	96.54 	100.00 	104.62 	111.10 	118.58 	124.71 	127.50 	132.19 	141.98 	147.69 
A,TOTAL,I15_A_AVG,EU	85.34 	92.86 	100.88 	101.42 	96.93 	98.09 	98.43 	96.68 	95.61 	97.25 	100.00 	104.69 	109.68 	114.94 	119.93 	126.45 	137.08 	147.73 	147.27 
A,TOTAL,I15_A_AVG,EU27_2020	85.85 	94.30 	102.31 	103.67 	99.77 	100.23 	100.87 	98.74 	97.05 	97.75 	100.00 	104.32 	109.31 	114.82 	120.40 	127.13 	137.83 	148.54 	148.07 
A,TOTAL,I15_A_AVG,EU28	84.76 	92.86 	100.92 	101.47 	96.98 	98.10 	98.44 	96.70 	95.61 	97.25 	100.00 	104.69 	109.68 	114.94 	119.93 	: 	: 	: 	: 
A,TOTAL,I15_A_AVG,FI	76.25 	81.56 	86.37 	87.06 	88.31 	93.88 	96.87 	99.21 	100.35 	100.00 	100.00 b	101.29 	102.39 	103.34 	103.77 	105.60 	110.45 	111.75 	105.41 
A,TOTAL,I15_A_AVG,FR	84.72 	94.51 	100.57 	101.52 	95.32 	99.74 	105.46 	104.88 	102.93 	101.36 	100.00 	101.04 	104.24 	107.29 	110.86 	116.62 	123.98 	131.82 	131.26 
A,TOTAL,I15_A_AVG,HR	: 	: 	: 	124.14 	117.93 	110.47 	110.66 	108.93 	104.63 	102.98 	100.00 	100.89 	104.75 	111.14 	121.10 	130.38 	139.91 	160.69 	179.88 
A,TOTAL,I15_A_AVG,HU	: 	: 	98.91 	101.26 	95.95 	93.66 	90.45 	87.10 	84.87 	88.43 	100.00 	113.38 	127.24 	145.50 	170.17 	178.58 	208.04 	254.52 	272.54 p
A,TOTAL,I15_A_AVG,IE	131.89 	151.50 	162.81 	151.51 	122.49 	105.96 	87.86 	76.04 	76.99 	89.72 	100.00 	107.46 	119.14 	131.33 	134.41 	134.82 	145.98 	163.96 	168.99 
A,TOTAL,I15_A_AVG,IS	60.60 	70.79 	77.44 	82.26 	74.28 	72.02 	75.36 	80.57 	85.21 	92.39 	100.00 	109.77 	131.20 	142.01 	148.29 	157.79 	177.57 	214.84 	231.57 
A,TOTAL,I15_A_AVG,IT	: 	: 	: 	: 	: 	118.10 	119.70 	116.70 	109.10 	104.00 	100.00 	100.30 	99.20 	98.60 	98.50 	100.40 	103.00 	106.90 	108.30 
A,TOTAL,I15_A_AVG,LT	: 	94.25 	119.06 	129.76 	90.92 	84.20 	89.77 	89.56 	90.65 	96.47 	100.00 	105.40 	114.80 	123.18 	131.61 	141.18 	163.84 	195.05 	214.20 
A,TOTAL,I15_A_AVG,LU	: 	: 	74.42 	76.91 	76.02 	80.14 	83.09 	86.58 	90.89 	94.88 	100.00 	106.01 	111.96 	119.86 	131.99 	151.12 	172.15 	188.60 	171.48 
A,TOTAL,I15_A_AVG,LV	: 	104.48 	142.37 	143.94 	90.24 	80.35 	88.73 	91.36 	97.62 	103.48 	100.00 	108.49 	118.01 	129.30 	140.88 	145.77 	161.65 	184.01 	190.89 
A,TOTAL,I15_A_AVG,MT	58.43 	70.04 	84.75 	94.14 	90.07 	91.04 	89.80 	92.54 	92.16 	94.51 	100.00 	105.45 	111.03 	117.45 	124.65 	128.86 	135.44 	144.45 	153.42 p
A,TOTAL,I15_A_AVG,NL	106.30 	110.82 	116.18 	118.74 	113.46 	111.48 	109.27 	101.96 	95.81 	96.61 	100.00 	105.29 	113.81 	124.40 	133.38 	144.07 	164.94 	186.84 	183.26 
A,TOTAL,I15_A_AVG,NO	54.24 d	61.66 d	69.43 d	68.69 d	69.99 d	75.77 	81.95 	87.48 	91.24 	93.74 	100.00 	107.88 	113.75 	115.53 	120.18 	126.11 	137.66 	145.71 	147.63 
A,TOTAL,I15_A_AVG,PL	: 	: 	: 	: 	: 	105.61 	105.70 	102.01 	97.54 	98.50 	100.00 	101.86 	105.78 	112.74 	122.52 	135.36 	147.77 	165.21 	179.78 
A,TOTAL,I15_A_AVG,PT	: 	: 	: 	107.53 	106.54 	107.36 	102.09 	94.87 	93.09 	97.04 	100.00 	107.12 	117.02 	129.03 	141.88 	154.33 	168.84 	190.17 	205.76 
A,TOTAL,I15_A_AVG,RO	: 	: 	: 	: 	129.28 	119.54 	104.83 	99.51 	99.26 	97.22 	100.00 	105.95 	112.36 	118.62 	122.69 	128.44 	134.09 	143.70 	148.43 
A,TOTAL,I15_A_AVG,SE	52.04 	58.46 	65.74 	66.47 	68.57 	73.97 	75.87 	76.83 	80.79 	88.40 	100.00 	108.24 	115.43 	114.35 	117.19 	122.11 	134.46 	139.25 	131.93 
A,TOTAL,I15_A_AVG,SI	: 	: 	120.85 	129.31 	117.06 	117.21 	120.39 	112.09 	106.21 	99.20 	100.00 	103.25 	111.79 	121.55 	129.69 	135.66 	151.32 	173.65 	186.22 
A,TOTAL,I15_A_AVG,SK	: 	75.99 	98.00 	115.55 	100.82 	97.06 	95.60 	92.94 	93.69 	94.96 	100.00 	106.67 	112.91 	121.32 	132.40 	145.02 	154.27 	175.41 	175.08 
A,TOTAL,I15_A_AVG,TR	: 	: 	: 	: 	: 	57.12 d	62.15 d	68.93 d	76.80 d	86.39 d	100.00 d	112.78 d	124.98 d	134.77 d	141.25 d	174.84 d	240.48 d	611.40 d	1216.29 d
A,TOTAL,I15_A_AVG,UK	78.96 	85.10 	93.54 	89.41 	81.44 	86.15 	84.88 	85.20 	87.39 	94.40 	100.00 	106.99 	111.86 	115.53 	116.67 	: 	: 	: 	: 
A,TOTAL,RCH_A_AVG,AT	: 	: 	: 	: 	: 	: 	5.4 	6.6 	5.0 	3.8 	5.6 	6.7 	5.1 	6.0 	6.0 	7.6 	11.4 	11.6 	-2.9 
A,TOTAL,RCH_A_AVG,BE	: 	9.8 	7.8 	4.3 	-0.4 	2.3 	3.6 	2.4 	1.5 	-0.3 	1.8 	2.3 	3.5 	3.0 	3.7 	4.3 	6.7 	5.5 	2.3 
A,TOTAL,RCH_A_AVG,BG	: 	14.7 e	28.9 e	25.0 e	-20.4 e	-10.2 e	-5.5 	-1.9 	-2.2 	1.4 	2.8 b	7.0 	8.7 	6.6 	6.0 	4.6 	8.7 	13.8 b	9.9 
A,TOTAL,RCH_A_AVG,CH	: 	: 	: 	: 	: 	: 	: 	: 	: 	: 	: 	: 	: 	3.0 	3.7 	2.5 	5.7 	6.4 	2.2 
A,TOTAL,RCH_A_AVG,CY	: 	11.9 	11.7 	5.6 	-6.6 	-5.7 	-1.6 	-3.1 	-4.1 	-1.8 	-1.5 b	0.3 	2.2 	1.8 	3.7 	-0.2 	-3.4 	2.7 	2.9 
A,TOTAL,RCH_A_AVG,CZ	: 	: 	: 	: 	-3.8 	-1.8 	0.0 	-1.5 	0.0 	2.5 	4.0 	7.2 	11.7 	8.6 	9.2 	8.4 	19.7 	16.9 	-1.7 
A,TOTAL,RCH_A_AVG,DE	: 	-0.4 	-2.1 	1.4 	0.8 	1.0 	3.5 	3.4 	3.1 	3.2 	4.8 	7.4 	6.1 	6.6 	5.8 	7.7 	11.6 	5.1 	-8.5 
A,TOTAL,RCH_A_AVG,DK	: 	24.1 	2.7 	-5.2 	-12.0 	2.8 	-1.7 	-2.7 	3.9 	3.8 	7.0 	4.6 	5.0 	4.5 	2.2 	4.3 	11.7 	4.8 	-4.2 
A,TOTAL,RCH_A_AVG,EA	: 	6.8 	4.1 	1.2 	-2.7 	1.0 	1.1 	-2.1 	-2.0 	0.3 	1.7 	4.0 	4.4 	4.8 	4.4 	5.2 	7.9 	7.0 	-1.2 
A,TOTAL,RCH_A_AVG,EA19	: 	7.2 	4.7 	1.4 	-3.1 	0.9 	1.2 	-2.0 	-1.9 	0.3 	1.7 	4.0 	4.4 	4.8 	4.4 	5.2 	7.9 	7.0 	-1.3 
A,TOTAL,RCH_A_AVG,EA20	: 	7.3 	4.7 	1.4 	-3.2 	0.9 	1.1 	-2.0 	-1.9 	0.3 	1.6 	4.0 	4.4 	4.8 	4.4 	5.3 	7.9 	7.1 	-1.2 
A,TOTAL,RCH_A_AVG,EE	: 	49.5 	20.8 	-9.6 	-37.2 	5.7 	8.5 	7.3 	10.7 	13.7 	6.9 	4.7 	5.5 	5.9 	7.0 	6.0 	15.0 	22.2 	5.9 
A,TOTAL,RCH_A_AVG,ES	: 	: 	9.8 	-1.4 	-6.6 	-1.8 	-7.6 	-14.8 	-9.1 	0.3 	3.6 	4.6 	6.2 	6.7 	5.2 	2.2 	3.7 	7.4 	4.0 
A,TOTAL,RCH_A_AVG,EU	: 	8.8 	8.6 	0.5 	-4.4 	1.2 	0.3 	-1.8 	-1.1 	1.7 	2.8 	4.7 	4.8 	4.8 	4.3 	5.4 	8.4 	7.8 	-0.3 
A,TOTAL,RCH_A_AVG,EU27_2020	: 	9.8 	8.5 	1.3 	-3.8 	0.5 	0.6 	-2.1 	-1.7 	0.7 	2.3 	4.3 	4.8 	5.0 	4.9 	5.6 	8.4 	7.8 	-0.3 
A,TOTAL,RCH_A_AVG,EU28	: 	9.6 	8.7 	0.5 	-4.4 	1.2 	0.3 	-1.8 	-1.1 	1.7 	2.8 	4.7 	4.8 	4.8 	4.3 	: 	: 	: 	: 
A,TOTAL,RCH_A_AVG,FI	: 	7.0 	5.9 	0.8 	1.4 	6.3 	3.2 	2.4 	1.2 	-0.4 	0.0 b	1.3 	1.1 	0.9 	0.4 	1.8 	4.6 	1.2 	-5.7 
A,TOTAL,RCH_A_AVG,FR	: 	11.6 	6.4 	0.9 	-6.1 	4.6 	5.7 	-0.5 	-1.9 	-1.5 	-1.3 	1.0 	3.2 	2.9 	3.3 	5.2 	6.3 	6.3 	-0.4 
A,TOTAL,RCH_A_AVG,HR	: 	: 	: 	: 	-5.0 	-6.3 	0.2 	-1.6 	-3.9 	-1.6 	-2.9 	0.9 	3.8 	6.1 	9.0 	7.7 	7.3 	14.8 	11.9 
A,TOTAL,RCH_A_AVG,HU	: 	: 	: 	2.4 	-5.2 	-2.4 	-3.4 	-3.7 	-2.6 	4.2 	13.1 	13.4 	12.2 	14.3 	17.0 	4.9 	16.5 	22.3 	7.1 p
A,TOTAL,RCH_A_AVG,IE	: 	14.9 	7.5 	-6.9 	-19.2 	-13.5 	-17.1 	-13.5 	1.2 	16.5 	11.5 	7.5 	10.9 	10.2 	2.3 	0.3 	8.3 	12.3 	3.1 
A,TOTAL,RCH_A_AVG,IS	: 	16.8 	9.4 	6.2 	-9.7 	-3.0 	4.6 	6.9 	5.8 	8.4 	8.2 	9.8 	19.5 	8.2 	4.4 	6.4 	12.5 	21.0 	7.8 
A,TOTAL,RCH_A_AVG,IT	: 	: 	: 	: 	: 	: 	1.4 	-2.5 	-6.5 	-4.7 	-3.8 	0.3 	-1.1 	-0.6 	-0.1 	1.9 	2.5 	3.8 	1.3 
A,TOTAL,RCH_A_AVG,LT	: 	: 	26.3 	9.0 	-29.9 	-7.4 	6.6 	-0.2 	1.2 	6.4 	3.7 	5.4 	8.9 	7.3 	6.8 	7.3 	16.1 	19.0 	9.8 
A,TOTAL,RCH_A_AVG,LU	: 	: 	: 	3.3 	-1.2 	5.4 	3.7 	4.2 	5.0 	4.4 	5.4 	6.0 	5.6 	7.1 	10.1 	14.5 	13.9 	9.6 	-9.1 
A,TOTAL,RCH_A_AVG,LV	: 	: 	36.3 	1.1 	-37.3 	-11.0 	10.4 	3.0 	6.9 	6.0 	-3.4 	8.5 	8.8 	9.6 	9.0 	3.5 	10.9 	13.8 	3.7 
A,TOTAL,RCH_A_AVG,MT	: 	19.9 	21.0 	11.1 	-4.3 	1.1 	-1.4 	3.0 	-0.4 	2.6 	5.8 	5.4 	5.3 	5.8 	6.1 	3.4 	5.1 	6.7 	6.2 p
A,TOTAL,RCH_A_AVG,NL	: 	4.2 	4.8 	2.2 	-4.4 	-1.7 	-2.0 	-6.7 	-6.0 	0.8 	3.5 	5.3 	8.1 	9.3 	7.2 	8.0 	14.5 	13.3 	-1.9 
A,TOTAL,RCH_A_AVG,NO	: 	13.7 d	12.6 d	-1.1 d	1.9 d	8.3 d	8.2 	6.7 	4.3 	2.7 	6.7 	7.9 	5.4 	1.6 	4.0 	4.9 	9.2 	5.9 	1.3 
A,TOTAL,RCH_A_AVG,PL	: 	: 	: 	: 	: 	: 	0.1 	-3.5 	-4.4 	1.0 	1.5 	1.9 	3.9 	6.6 	8.7 	10.5 	9.2 	11.8 	8.8 
A,TOTAL,RCH_A_AVG,PT	: 	: 	: 	: 	-0.9 	0.8 	-4.9 	-7.1 	-1.9 	4.2 	3.1 	7.1 	9.2 	10.3 	10.0 	8.8 	9.4 	12.6 	8.2 
A,TOTAL,RCH_A_AVG,RO	: 	: 	: 	: 	: 	-7.5 	-12.3 	-5.1 	-0.3 	-2.1 	2.9 	6.0 	6.0 	5.6 	3.4 	4.7 	4.4 	7.2 	3.3 
A,TOTAL,RCH_A_AVG,SE	: 	12.3 	12.4 	1.1 	3.1 	7.9 	2.6 	1.3 	5.2 	9.4 	13.1 	8.2 	6.6 	-0.9 	2.5 	4.2 	10.1 	3.6 	-5.3 
A,TOTAL,RCH_A_AVG,SI	: 	: 	: 	7.0 	-9.5 	0.1 	2.7 	-6.9 	-5.2 	-6.6 	0.8 	3.3 	8.3 	8.7 	6.7 	4.6 	11.5 	14.8 	7.2 
A,TOTAL,RCH_A_AVG,SK	: 	: 	29.0 	17.9 	-12.8 	-3.7 	-1.5 	-2.8 	0.8 	1.4 	5.3 	6.7 	5.9 	7.4 	9.1 	9.5 	6.4 	13.7 	-0.2 
A,TOTAL,RCH_A_AVG,TR	: 	: 	: 	: 	: 	: 	8.8 d	10.9 d	11.4 d	12.5 d	15.8 d	12.8 d	10.8 d	7.8 d	4.8 d	23.8 d	37.5 d	154.2 d	98.9 d
A,TOTAL,RCH_A_AVG,UK	: 	7.8 	9.9 	-4.4 	-8.9 	5.8 	-1.5 	0.4 	2.6 	8.0 	5.9 	7.0 	4.6 	3.3 	1.0 	: 	: 	: 	: 
